Date,Pas,"Distance (m)","Dénivelé (m)","Calories actives"
2017-01-27,3558,"2963,12",0,0
2017-01-26,8333,"6942,444",0,0
2017-01-25,9664,"8224,44",0,0
2017-01-24,10809,"9162,698",0,0
2017-01-23,6963,"5844,25",0,0
2017-01-22,3910,"3283,649",0,0
2017-01-21,7767,"6493,181",0,0
2017-01-20,9475,"7976,41",0,0
2017-01-19,8753,"7371,087",0,0
2017-01-18,8424,"7147,529",0,0
2017-01-17,11426,"9474,93",0,0
2017-01-16,7949,"6678,881",0,0
2017-01-15,2542,"2156,72",0,0
2017-01-14,5765,"4825,641",0,0
2017-01-13,6190,"5260,2",0,0
2017-01-12,8139,"6806,611",0,0
2017-01-11,7732,"6430,57",0,0
2017-01-10,7355,"6152,381",0,0
2017-01-09,4681,"3816,15",0,0
2017-01-08,20943,"17136,38",0,0
2017-01-07,18223,"14676,94",0,0
2017-01-06,15778,"13011,45",0,0
2017-01-05,14691,"12157,03",0,0
2017-01-04,17310,"14475,23",0,0
2017-01-03,10824,"8947,869",0,0
2017-01-02,7899,"6658,96",0,0
2017-01-01,1562,"1300,43",0,0
2016-12-31,5400,"4636,289",0,0
2016-12-30,4460,"3745,74",0,0
2016-12-29,6676,"5681,471",0,0
2016-12-28,1315,"1088,41",0,0
2016-12-27,4829,"4030,41",0,0
2016-12-26,2170,"1792,8",0,0
2016-12-25,2362,"1967,17",0,0
2016-12-24,4378,"3688,999",0,0
2016-12-23,5395,"4419,452",0,0
2016-12-22,3959,"3271,531",0,0
2016-12-21,5396,"4501,75",0,0
2016-12-20,6995,"5815,547",0,0
2016-12-19,8825,"7420,4",0,0
2016-12-18,2538,"2076,13",0,0
2016-12-17,2872,"2369,51",0,0
2016-12-16,9079,"7547,481",0,0
2016-12-15,10467,"8736,239",0,0
2016-12-14,9220,"7678,999",0,0
2016-12-13,8186,"6822,519",0,0
2016-12-12,7827,"6612,203",0,0
2016-12-11,1339,"1109,13",0,0
2016-12-10,8208,"6766,899",0,0
2016-12-09,7843,"6568,412",0,0
2016-12-08,10450,"8827,593",0,0
2016-12-07,8195,"6862,641",0,0
2016-12-06,6503,"5431,918",0,0
2016-12-05,7944,"6657,05",0,0
2016-12-04,1560,"1297,5",0,0
2016-12-03,3893,"3243,111",0,0
2016-12-02,4323,"3576,439",0,0
2016-12-01,10494,"8776,718",0,0
2016-11-30,8258,"6907,388",0,0
2016-11-29,11595,"9741,891",0,0
2016-11-28,7386,"6160,709",0,0
2016-11-27,5712,"4781,601",0,0
2016-11-26,5850,"4802,581",0,0
2016-11-25,6155,"5085,438",0,0
2016-11-24,6256,"5190,912",0,0
2016-11-23,750,"622,49",0,0
2016-11-22,14300,"12183,08",0,0
2016-11-21,6597,"5494,2",0,0
2016-11-20,4444,"3705,689",0,0
2016-11-19,4839,"3978,729",0,0
2016-11-18,9328,"7907,04",0,0
2016-11-17,8243,"6887,629",0,0
2016-11-16,12116,"10077,78",0,0
2016-11-15,11378,"9452,477",0,0
2016-11-14,6386,"5287,551",0,0
2016-11-13,4285,"3582,61",0,0
2016-11-12,3922,"3200,21",0,0
2016-11-11,8690,"7043,769",0,0
2016-11-10,9944,"8295,129",0,0
2016-11-09,11834,"9693,209",0,0
2016-11-08,16066,"13315,95",0,0
2016-11-07,12424,"10303,14",0,0
2016-11-06,7444,"6222,112",0,0
2016-11-05,7665,"6373,112",0,0
2016-11-04,10453,"8778,213",0,0
2016-11-03,12888,"10852,6",0,0
2016-11-02,6732,"5635,02",0,0
2016-11-01,1245,"1022,79",0,0
2016-10-31,6370,"5275,92",0,0
2016-10-30,769,"633,17",0,0
2016-10-29,6410,"5291,059",0,0
2016-10-28,9535,"7892,82",0,0
2016-10-27,8073,"6741,79",0,0
2016-10-26,6749,"5587,27",0,0
2016-10-25,8371,"6860,35",0,0
2016-10-24,10014,"8287,34",0,0
2016-10-23,3067,"2517,031",0,0
2016-10-22,9109,"7211,493",0,0
2016-10-21,6291,"5039,012",0,0
2016-10-20,5086,"4166,46",0,0
2016-10-19,2359,"1857,14",0,0
2016-10-18,5692,"4645,392",0,0
2016-10-17,6599,"5406,856",0,0
2016-10-16,0,0,0,0
2016-10-15,1964,"1668,993",0,0
2016-10-14,7794,"6312,526",0,0
2016-10-13,6591,"5292,055",0,0
2016-10-12,8531,"6930,953",0,0
2016-10-11,5752,"4666,674",0,0
2016-10-10,5182,"4177,314",0,0
2016-10-09,7952,"6421,601",0,0
2016-10-08,7482,"6080,576",0,0
2016-10-07,8676,"7144,016",0,0
2016-10-06,5640,"4541,107",0,0
2016-10-05,9260,"7564,023",0,0
2016-10-04,5227,"4249,59",0,0
2016-10-03,5910,"4795,148",0,0
2016-10-02,4046,"3149,049",0,0
2016-10-01,984,"766,609",0,0
2016-09-30,7657,"6163,89",0,0
2016-09-29,14000,"11168,81",0,0
2016-09-28,9022,"7205,071",0,0
2016-09-27,13747,"11135,76",0,0
2016-09-26,8029,"6477,097",0,0
2016-09-25,21517,"17193,55",0,0
2016-09-24,3210,"2623,819",0,0
2016-09-23,6875,"5592,478",0,0
2016-09-22,12727,"10425,82",0,0
2016-09-21,9091,"7352,148",0,0
2016-09-20,5437,"4387,008",0,0
2016-09-19,5400,"4276,102",0,0
2016-09-18,2554,"2078,809",0,0
2016-09-17,2748,"2192,53",0,0
2016-09-16,7775,"6183,938",0,0
2016-09-15,7279,"5769,785",0,0
2016-09-14,8101,"6512,748",0,0
2016-09-13,5435,"4529,837",0,0
2016-09-12,7397,"6891,578",0,0
2016-09-11,0,0,0,0
2016-09-10,3743,"3490,723",0,0
2016-09-09,0,0,0,0
2016-09-08,3602,"3456,731",0,0
2016-09-07,6204,"5973,388",0,0
2016-09-06,2975,"2367,682",0,0
2016-09-05,1438,"1195,204",0,0
2016-09-04,9237,"8093,607",0,0
2016-09-03,1102,"854,433",0,0
2016-09-02,14862,"14046,19",0,0
2016-09-01,20723,"22426,19",0,0
2016-08-31,6179,"5161,925",0,0
2016-08-30,11079,"10204,56",0,0
2016-08-29,10830,"10600,21",0,0
2016-08-28,9998,"10681,71",0,0
2016-08-27,5933,"4916,333",0,0
2016-08-26,8028,"8781,135",0,0
2016-08-25,10254,"9082,648",0,0
2016-08-24,12937,"11776,53",0,0
2016-08-23,5513,"4663,683",0,0
2016-08-22,5703,"5946,675",0,0
2016-08-21,2273,"2513,92",0,0
2016-08-20,9154,"9276,799",0,0
2016-08-19,6477,"5420,116",0,0
2016-08-18,6015,"5418,938",0,0
2016-08-17,8188,"7086,864",0,0
2016-08-16,5974,"6162,211",0,0
2016-08-15,4548,"3842,357",0,0
2016-08-14,33,"25,586",0,0
2016-08-13,2804,"2485,89",0,0
2016-08-12,0,0,0,0
2016-08-11,0,0,0,0
2016-08-10,0,0,0,0
2016-08-09,4298,"3481,864",0,0
2016-08-08,10,"7,753",0,0
2016-08-07,0,0,0,0
2016-08-06,3919,"3110,222",0,0
2016-08-05,6900,"5678,26",0,0
2016-08-04,9028,"7365,959",0,0
2016-08-03,14185,12389,0,0
2016-08-02,5054,"4064,795",0,0
2016-08-01,7028,"5678,607",0,0
2016-07-31,112,"86,839",0,0
2016-07-30,6406,"5504,375",0,0
2016-07-29,10404,"8713,018",0,0
2016-07-28,6658,"5373,846",0,0
2016-07-27,6709,"5367,721",0,0
2016-07-26,8357,"6959,231",0,0
2016-07-25,10450,"9079,669",0,0
2016-07-24,7287,"5880,021",0,0
2016-07-23,3446,"3021,71",0,0
2016-07-22,12587,"12369,03",0,0
2016-07-21,8946,"8623,121",0,0
2016-07-20,9030,"7834,128",0,0
2016-07-19,11604,"10944,75",0,0
2016-07-18,10565,"9867,33",0,0
2016-07-17,9554,"9227,905",0,0
2016-07-16,9177,"8246,701",0,0
2016-07-15,7560,"9868,756",0,0
2016-07-14,154,"119,404",0,0
2016-07-13,9689,"7932,511",0,0
2016-07-12,6254,"5067,152",0,0
2016-07-11,5693,"4600,947",0,0
2016-07-10,6835,"6886,952",0,0
2016-07-09,51,"39,543",0,0
2016-07-08,7502,"6843,844",0,0
2016-07-07,11419,"9406,731",0,0
2016-07-06,5222,"4214,919",0,0
2016-07-05,5850,"4687,414",0,0
2016-07-04,5984,"4839,303",0,0
2016-07-03,3366,"2707,381",0,0
2016-07-02,6798,"5962,126",0,0
2016-07-01,11745,"10987,36",0,0
2016-06-30,7170,"6121,143",0,0
2016-06-29,7610,"6134,23",0,0
2016-06-28,8480,"6850,302",0,0
2016-06-27,5917,"4735,941",0,0
2016-06-26,10216,"11174,27",0,0
2016-06-25,2258,"2837,139",0,0
2016-06-24,8831,"7416,352",0,0
2016-06-23,10131,"8741,395",0,0
2016-06-22,5284,"4305,969",0,0
2016-06-21,9336,"7649,694",0,0
2016-06-20,4991,"4050,2",0,0
2016-06-19,1488,"1236,725",0,0
2016-06-18,6634,"5542,038",0,0
2016-06-17,5861,"4727,238",0,0
2016-06-16,4811,"3893,362",0,0
2016-06-15,7354,"6441,198",0,0
2016-06-14,5342,"4324,288",0,0
2016-06-13,5590,"4484,867",0,0
2016-06-12,6735,"6239,854",0,0
2016-06-11,8409,"7295,909",0,0
2016-06-10,10348,"9476,025",0,0
2016-06-09,8637,"7616,781",0,0
2016-06-08,8187,"6940,734",0,0
2016-06-07,7244,"5871,757",0,0
2016-06-06,6948,"5641,325",0,0
2016-06-05,3962,"3305,817",0,0
2016-06-04,10768,"8728,542",0,0
2016-06-03,4988,"4077,276",0,0
2016-06-02,5232,"4243,877",0,0
2016-06-01,10145,"8366,313",0,0
2016-05-31,6741,"5438,518",0,0
2016-05-30,5158,"4208,135",0,0
2016-05-29,3775,"3087,668",0,0
2016-05-28,5855,"4663,235",0,0
2016-05-27,6522,"5294,623",0,0
2016-05-26,9627,"7857,66",0,0
2016-05-25,10619,"8641,652",0,0
2016-05-24,8931,"7380,092",0,0
2016-05-23,8936,"7408,505",0,0
2016-05-22,35,"27,137",0,0
2016-05-21,8648,"7050,609",0,0
2016-05-20,7861,"6415,233",0,0
2016-05-19,11038,"9686,684",0,0
2016-05-18,6325,"5210,378",0,0
2016-05-17,5406,"4417,214",0,0
2016-05-16,1281,"993,221",0,0
2016-05-15,1842,"1813,899",0,0
2016-05-14,5460,"4549,152",0,0
2016-05-13,13186,"12177,83",0,0
2016-05-12,5396,"4358,365",0,0
2016-05-11,5287,"4305,905",0,0
2016-05-10,9116,"7466,341",0,0
2016-05-09,5858,"4677,768",0,0
2016-05-08,4325,"3895,943",0,0
2016-05-07,4248,"3397,75",0,0
2016-05-06,397,"307,813",0,0
2016-05-05,5386,"4319,747",0,0
2016-05-04,8499,"6915,259",0,0
2016-05-03,5906,"4758,576",0,0
2016-05-02,5817,"4747,68",0,0
2016-05-01,1142,"885,447",0,0
2016-04-30,5767,"4635,818",0,0
2016-04-29,5562,"4633,169",0,0
2016-04-28,6695,"5568,201",0,0
2016-04-27,5780,"4759,807",0,0
2016-04-26,9516,"7743,741",0,0
2016-04-25,7433,"6106,99",0,0
2016-04-24,1075,"874,34",0,0
2016-04-23,7350,"6028,646",0,0
2016-04-22,5789,"4884,031",0,0
2016-04-21,7329,"6128,156",0,0
2016-04-20,4673,"3849,016",0,0
2016-04-19,5269,"4319,777",0,0
2016-04-18,5504,"4442,32",0,0
2016-04-17,144,"111,65",0,0
2016-04-16,12007,"11367,51",0,0
2016-04-15,6311,"5338,453",0,0
2016-04-14,12965,"11014,04",0,0
2016-04-13,6674,"5442,338",0,0
2016-04-12,7522,"6037,047",0,0
2016-04-11,9618,"8351,693",0,0
2016-04-10,600,"465,209",0,0
2016-04-09,862,"698,26",0,0
2016-04-08,6615,"5359,483",0,0
2016-04-07,6047,"5343,285",0,0
2016-04-06,17397,"18234,47",0,0
2016-04-05,12499,"12136,39",0,0
2016-04-04,5250,"4279,351",0,0
2016-04-03,7616,"6494,104",0,0
2016-04-02,6470,"5235,674",0,0
2016-04-01,5384,"4484,649",0,0
2016-03-31,5288,"4263,573",0,0
2016-03-30,7408,"6337,687",0,0
2016-03-29,8794,"7241,726",0,0
2016-03-28,17569,"14332,17",0,0
2016-03-27,13145,"10773,54",0,0
2016-03-26,21785,"17534,14",0,0
2016-03-25,12295,"10769,1",0,0
2016-03-24,9214,"7672,375",0,0
2016-03-23,7615,"6156,438",0,0
2016-03-22,5958,"4869,343",0,0
2016-03-21,5417,"4354,625",0,0
2016-03-20,2025,"1705,939",0,0
2016-03-19,7542,"6136,476",0,0
2016-03-18,5053,"4487,152",0,0
2016-03-17,7688,"6344,745",0,0
2016-03-16,7580,"6170,275",0,0
2016-03-15,8085,"6752,899",0,0
2016-03-14,9944,"8134,939",0,0
2016-03-13,0,0,0,0
2016-03-12,9901,"8153,882",0,0
2016-03-11,6441,"5337,783",0,0
2016-03-10,7518,"6079,504",0,0
2016-03-09,7755,"6545,679",0,0
2016-03-08,10417,"8741,125",0,0
2016-03-07,6027,"4919,497",0,0
2016-03-06,5290,"4319,697",0,0
2016-03-05,2679,"2402,227",0,0
2016-03-04,6766,"5608,563",0,0
2016-03-03,11355,"9335,135",0,0
2016-03-02,7093,"5830,736",0,0
2016-03-01,7253,"5865,556",0,0
2016-02-29,5435,"4442,67",0,0
2016-02-28,18,"13,956",0,0
2016-02-27,5798,"4694,533",0,0
2016-02-26,8335,"7020,075",0,0
2016-02-25,5671,"4635,479",0,0
2016-02-24,6129,"5087,44",0,0
2016-02-23,4093,"3282,719",0,0
2016-02-22,7044,"5786,306",0,0
2016-02-21,5595,"5034,383",0,0
2016-02-20,5492,"4799,329",0,0
2016-02-19,7175,"5699,064",0,0
2016-02-18,7112,"5851,423",0,0
2016-02-17,13097,"11068,59",0,0
2016-02-16,12320,"10571,46",0,0
2016-02-15,128,"99,245",0,0
2016-02-14,367,"284,553",0,0
2016-02-13,3676,"2969,115",0,0
2016-02-12,6271,"5116,571",0,0
2016-02-11,7913,"6667,011",0,0
2016-02-10,9716,"7869,045",0,0
2016-02-09,7199,"6160,661",0,0
2016-02-08,0,0,0,0
2016-02-07,6222,"5547,964",0,0
2016-02-06,1516,"1266,053",0,0
2016-02-05,6985,"5840,227",0,0
2016-02-04,6120,"5075,848",0,0
2016-02-03,10601,"8710,344",0,0
2016-02-02,7113,"5958,604",0,0
2016-02-01,6249,"5121,378",0,0
2016-01-31,101,"78,31",0,0
2016-01-30,3355,"2794,754",0,0
2016-01-29,9015,"7524,236",0,0
2016-01-28,0,0,0,0
2016-01-27,6868,"5662,547",0,0
2016-01-26,2844,"2401,377",0,0
2016-01-25,7704,"6490,242",0,0
2016-01-24,54,"41,869",0,0
2016-01-23,5089,"4181,26",0,0
2016-01-22,7541,"6127,344",0,0
2016-01-21,10146,"8513,667",0,0
2016-01-20,5129,"4260,342",0,310
2016-01-19,5453,"4494,595",0,419
2016-01-18,7219,"6045,875",0,555
2016-01-17,1615,"1265,352",0,156
2016-01-16,6624,"5568,472",0,605
2016-01-15,8851,"7313,468",0,689
2016-01-14,6319,"5331,038",0,478
2016-01-13,9702,"8036,664",0,771
2016-01-12,5271,"4366,04",0,426
2016-01-11,8941,"7189,3",0,659
2016-01-10,10268,"8653,071",0,844
2016-01-09,13271,"11096,15",0,1052
2016-01-08,19148,15434,0,1424
2016-01-07,21245,"17839,96",0,1696
2016-01-06,14759,"12502,5",0,1269
2016-01-05,21238,"20329,36",0,1853
2016-01-04,7769,"6180,36",0,624
2016-01-03,2390,"1935,785",0,186
2016-01-02,4956,"4178,836",0,416
2016-01-01,0,0,0,0
2015-12-31,10615,"8775,609",0,807
2015-12-30,6216,"5075,911",0,447
2015-12-29,5739,"4648,217",0,457
2015-12-28,9427,"7875,639",0,675
2015-12-27,3218,"2705,606",0,285
2015-12-26,5159,"4239,338",0,474
2015-12-25,357,"320,835",0,36
2015-12-24,949,"738,07",0,110
2015-12-23,7588,"6159,323",0,617
2015-12-22,7583,"6291,873",0,579
2015-12-21,6980,"5720,792",0,530
2015-12-20,2901,"2506,772",0,226
2015-12-19,9446,"7704,615",0,732
2015-12-18,8576,"6930,869",0,666
2015-12-17,4600,"3730,793",0,353
2015-12-16,7284,"5842,933",0,554
2015-12-15,5250,"4265,538",0,411
2015-12-14,8583,"7088,308",0,659
2015-12-13,4062,"3366,398",0,301
2015-12-12,4312,"3640,976",0,395
2015-12-11,7952,"6476,77",0,659
2015-12-10,16540,"14365,25",0,1307
2015-12-09,10154,"8355,123",0,786
2015-12-08,5480,"4434,548",0,429
2015-12-07,5723,"4719,923",0,440
2015-12-06,4016,"4664,804",0,371
2015-12-05,7143,"6347,658",0,574
2015-12-04,9637,"8122,077",0,766
2015-12-03,9440,"7921,925",0,742
2015-12-02,6978,5699,0,530
2015-12-01,6972,"5728,415",0,540
2015-11-30,6732,"5569,355",0,517
2015-11-29,10733,"8664,746",0,886
2015-11-28,5784,"4933,807",0,438
2015-11-27,10184,"8326,989",0,821
2015-11-26,5876,"4861,06",0,471
2015-11-25,7505,"6222,145",0,587
2015-11-24,7587,"6157,885",0,569
2015-11-23,7192,"5934,989",0,551
2015-11-22,1434,"1182,272",0,108
2015-11-21,5539,"4642,694",0,446
2015-11-20,6428,"5135,396",0,523
2015-11-19,7715,"6210,517",0,607
2015-11-18,6417,"5226,062",0,489
2015-11-17,5155,"4171,158",0,386
2015-11-16,7109,"5737,698",0,560
2015-11-15,7178,"6061,437",0,582
2015-11-14,4119,"3270,063",0,374
2015-11-13,9401,"7726,312",0,761
2015-11-12,13363,"11187,01",0,1009
2015-11-11,5538,"4393,139",0,458
2015-11-10,6464,"5311,414",0,481
2015-11-09,6716,"5554,234",0,499
2015-11-08,0,0,0,0
2015-11-07,7103,"5803,681",0,514
2015-11-06,3039,"2440,975",0,278
2015-11-05,6177,"5081,794",0,477
2015-11-04,8821,"7179,473",0,659
2015-11-03,5476,"4507,061",0,412
2015-11-02,6483,"5307,704",0,513
2015-11-01,3790,"3469,667",0,336
2015-10-31,12167,"11587,54",0,1011
2015-10-30,21757,"18803,62",0,1668
2015-10-29,21307,"18137,35",0,1631
2015-10-28,12793,"10554,21",0,993
2015-10-27,19063,"15678,58",0,1440
2015-10-26,6165,"5280,674",0,563
2015-10-25,944,"763,375",0,73
2015-10-24,18334,"17358,34",0,1522
2015-10-23,6876,"5713,636",0,551
2015-10-22,11235,"13217,1",0,957
2015-10-21,0,0,0,0
2015-10-20,22587,"24101,85",0,2278
2015-10-19,15677,"13131,62",0,1387
2015-10-18,11487,"9312,064",0,913
2015-10-17,12804,"10739,09",0,989
2015-10-16,7759,"6954,43",0,663
2015-10-15,11192,"10330,29",0,942
2015-10-14,9984,"8121,601",0,826
2015-10-13,4838,"4392,088",0,385
2015-10-12,31347,"29872,99",0,2481
2015-10-11,4484,"4147,789",0,405
2015-10-10,2690,"2615,068",0,349
2015-10-09,6650,"5401,765",0,508
2015-10-08,6699,"5435,098",0,535
2015-10-07,6216,"5018,342",0,473
2015-10-06,6521,"5290,713",0,512
2015-10-05,5983,"4806,05",0,462
2015-10-04,1492,"1156,819",0,127
2015-10-03,6887,"5778,633",0,554
2015-10-02,9936,"8092,798",0,738
2015-10-01,5909,"4778,442",0,468
2015-09-30,10333,"8360,717",0,748
2015-09-29,5231,"4233,976",0,404
2015-09-28,7790,"6374,246",0,581
2015-09-27,1139,"883,121",0,130
2015-09-26,4654,"3628,864",0,384
2015-09-25,6292,"5063,768",0,470
2015-09-24,5824,"4652,411",0,470
2015-09-23,9958,"8162,289",0,741
2015-09-22,9512,"7854,237",0,714
2015-09-21,6354,"5136,242",0,456
2015-09-20,5065,"4024,478",0,396
2015-09-19,9456,"7578,275",0,739
2015-09-18,6146,"4964,951",0,480
2015-09-17,12012,"10055,47",0,896
2015-09-16,5571,"4531,096",0,410
2015-09-15,8903,"7837,964",0,805
2015-09-14,5923,"4839,101",0,483
2015-09-13,729,"567,493",0,60
2015-09-12,0,0,0,0
2015-09-11,7636,"6161,609",0,550
2015-09-10,11948,"9821,085",0,856
2015-09-09,5670,"4645,254",0,453
2015-09-08,5549,"4483,354",0,473
2015-09-07,5335,"4331,529",0,403
2015-09-06,1917,"1546,181",0,211
2015-09-05,5083,"4104,169",0,427
2015-09-04,9333,"7611,626",0,713
2015-09-03,5772,"4776,619",0,489
2015-09-02,5722,"4642,587",0,642
2015-09-01,5341,"4343,82",0,395
2015-08-31,5879,"4777,191",0,436
2015-08-30,2403,"1902,219",0,238
2015-08-29,4917,"4271,966",0,367
2015-08-28,6007,"4944,256",0,463
2015-08-27,6327,"5158,677",0,517
2015-08-26,7331,"6137,475",0,562
2015-08-25,5705,"4589,649",0,428
2015-08-24,5656,"4603,279",0,423
2015-08-23,1316,"1051,262",0,136
2015-08-22,18826,"14702,79",0,1627
2015-08-21,4517,"4052,48",0,370
2015-08-20,5189,"4272,248",0,402
2015-08-19,5210,"4241,803",0,398
2015-08-18,6514,"5272,667",0,475
2015-08-17,5378,"4372,375",0,420
2015-08-16,8921,"7609,059",0,711
2015-08-15,1764,"1779,117",0,183
2015-08-14,12834,"15062,84",0,1468
2015-08-13,7481,"7051,208",0,631
2015-08-12,5283,"4775,841",0,436
2015-08-11,6302,"5967,008",0,578
2015-08-10,6000,"5419,387",0,479
2015-08-09,4723,"3762,96",0,665
2015-08-08,3804,"3576,176",0,475
2015-08-07,6211,"6112,169",0,506
2015-08-06,7781,"7588,061",0,650
2015-08-05,7845,"7585,583",0,698
2015-08-04,6529,"5951,083",0,507
2015-08-03,9758,"9653,978",0,837
2015-08-02,8910,"7427,099",0,688
2015-08-01,8,"6,203",0,2
2015-07-31,5601,"4576,214",0,424
2015-07-30,7515,"6586,396",0,695
2015-07-29,6407,"5175,483",0,559
2015-07-28,10705,"8630,083",0,772
2015-07-27,5485,"4507,75",0,448
2015-07-26,21,"16,282",0,3
2015-07-25,1302,"1142,889",0,173
2015-07-24,8073,"6854,792",0,627
2015-07-23,10060,"9279,429",0,823
2015-07-22,7925,"7021,781",0,704
2015-07-21,8494,"6992,195",0,918
2015-07-20,6126,"5238,114",0,533
2015-07-19,10574,"9286,767",0,859
2015-07-18,8283,"8993,104",0,828
2015-07-17,9767,"10122,64",0,830
2015-07-16,9380,"9261,138",0,789
2015-07-15,6123,"5492,57",0,540
2015-07-14,5390,"4908,643",0,433
2015-07-13,4977,"4155,029",0,411
2015-07-12,2844,"2530,948",0,275
2015-07-11,5371,"4656,561",0,430
2015-07-10,5281,"4518,866",0,541
2015-07-09,5177,"4264,232",0,388
2015-07-08,8235,"6965,771",0,713
2015-07-07,7068,"7107,758",0,859
2015-07-06,7174,"6162,769",0,561
2015-07-05,4616,"4277,982",0,376
2015-07-04,7488,"7364,759",0,657
2015-07-03,8622,"9039,223",0,824
2015-07-02,6929,"6292,61",0,599
2015-07-01,8537,"8737,67",0,726
2015-06-30,4062,"3539,387",0,334
2015-06-29,8405,"8769,927",0,778
2015-06-28,1090,"845,129",0,125
2015-06-27,6961,"6396,398",0,602
2015-06-26,7106,"7026,899",0,588
2015-06-25,9559,"9000,309",0,779
2015-06-24,9999,"8469,146",0,756
2015-06-23,6984,"5743,146",0,506
2015-06-22,6049,"5071,38",0,469
2015-06-21,805,"625,738",0,87
2015-06-20,4891,"3940,77",0,379
2015-06-19,6014,"4854,957",0,450
2015-06-18,9617,"7814,32",0,717
2015-06-17,9533,"8687,81",0,748
2015-06-16,8951,"7225,438",0,679
2015-06-15,11421,"10612,59",0,879
2015-06-14,8529,"8444,645",0,797
2015-06-13,8450,"8022,143",0,664
2015-06-12,10851,"11277,62",0,870
2015-06-11,7343,"6261,531",0,550
2015-06-10,8057,"6547,146",0,632
2015-06-09,6594,"5375,563",0,506
2015-06-08,6278,"5150,7",0,482
2015-06-07,0,0,0,0
2015-06-06,8590,"8431,659",0,860
2015-06-05,7036,"6302,833",0,565
2015-06-04,7359,"6009,309",0,605
2015-06-03,7337,"5903,87",0,558
2015-06-02,5341,"4278,995",0,392
2015-06-01,6058,"4945,119",0,494
2015-05-31,50,"38,767",0,10
2015-05-30,8350,"6739,9",0,659
2015-05-29,5835,"4689,305",0,464
2015-05-28,4936,"3951,134",0,408
2015-05-27,5820,"4707,556",0,442
2015-05-26,5899,"4713,668",0,455
2015-05-25,0,0,0,0
2015-05-24,2977,"2308,211",0,263
2015-05-23,4258,"3403,33",0,355
2015-05-22,7363,"6149,006",0,629
2015-05-21,5336,"4316,506",0,397
2015-05-20,10552,"8567,753",0,827
2015-05-19,8124,"6587,643",0,601
2015-05-18,8414,"6799,035",0,683
2015-05-17,2856,"2223,283",0,265
2015-05-16,6435,"5042,348",0,808
2015-05-15,3565,"2819,347",0,397
2015-05-14,4540,"3609,361",0,544
2015-05-13,5398,"4336,823",0,391
2015-05-12,6291,"5115,538",0,459
2015-05-11,7888,"6481,166",0,578
2015-05-10,3202,"2489,317",0,330
2015-05-09,6078,"5647,66",0,502
2015-05-08,6895,"5800,207",0,585
2015-05-07,11755,"9902,917",0,902
2015-05-06,8146,"6645,613",0,611
2015-05-05,3598,"2875,249",0,432
2015-05-04,6186,"5057,443",0,492
2015-05-03,0,0,0,0
2015-05-02,5852,"4653,783",0,525
2015-05-01,0,0,0,0
2015-04-30,2709,"2223,852",0,328
2015-04-29,4815,"3930,352",0,361
2015-04-28,1345,"1331,023",0,184
2015-04-27,0,0,0,0
2015-04-26,0,0,0,0
2015-04-25,10652,"8587,153",0,777
2015-04-24,7044,"5680,013",0,598
2015-04-23,8861,"7295,268",0,680
2015-04-22,5214,"4240,434",0,373
2015-04-21,5738,"4601,381",0,460
2015-04-20,6490,"5254,884",0,503
2015-04-19,115,"89,165",0,22
2015-04-18,9160,"8095,697",0,748
2015-04-17,6449,"5212,653",0,521
2015-04-16,8072,"6583,456",0,613
2015-04-15,9983,"8389,012",0,795
2015-04-14,7227,"5925,955",0,554
2015-04-13,6826,"5556,042",0,569
2015-04-12,4351,"3662,004",0,391
2015-04-11,4567,"3940,17",0,435
2015-04-10,10455,"8560,582",0,808
2015-04-09,7291,"6270,057",0,536
2015-04-08,5466,"4400,667",0,415
2015-04-07,10547,"8469,726",0,784
2015-04-06,571,"616,028",0,50
2015-04-05,14188,"11701,39",0,1178
2015-04-04,1491,"1156,044",0,336
2015-04-03,6256,"5037,537",0,510
2015-04-02,6518,"5579,029",0,565
2015-04-01,5960,"4803,919",0,446
2015-03-31,6907,"5577,819",0,544
2015-03-30,6938,"5712,456",0,569
2015-03-29,3072,"2542,158",0,238
2015-03-28,9554,"7704,442",0,704
2015-03-27,6896,"5575,494",0,604
2015-03-26,6582,"5618,566",0,586
2015-03-25,6752,"5604,848",0,572
2015-03-24,8776,"8501,682",0,745
2015-03-23,10060,"10381,93",0,940
2015-03-22,2727,"2218,302",0,191
2015-03-21,10981,"9028,69",0,831
2015-03-20,10097,"8158,736",0,771
2015-03-19,8185,"6596,178",0,757
2015-03-18,8048,"6567,751",0,607
2015-03-17,7790,"6379,613",0,619
2015-03-16,7446,"5968,819",0,600
2015-03-15,7527,"6168,343",0,585
2015-03-14,6870,"5772,587",0,602
2015-03-13,9668,"7969,01",0,777
2015-03-12,6744,"5451,285",0,534
2015-03-11,11273,"9735,011",0,848
2015-03-10,7340,"6069,572",0,663
2015-03-09,7131,"6062,367",0,546
2015-03-08,7169,"6131,953",0,562
2015-03-07,22364,"19988,25",0,1901
2015-03-06,17963,"15998,99",0,1695
2015-03-05,12896,"11372,82",0,1258
2015-03-04,21273,"18993,72",0,2207
2015-03-03,20350,"18731,03",0,1810
2015-03-02,16321,"15231,57",0,1569
2015-03-01,20695,"19896,2",0,1791
2015-02-28,11405,"9815,173",0,909
2015-02-27,3273,"3274,665",0,307
2015-02-26,10183,"8413,089",0,822
2015-02-25,6916,"5583,647",0,604
2015-02-24,7912,"6461,408",0,652
2015-02-23,6065,"4937,919",0,502
2015-02-22,794,"635,406",0,117
2015-02-21,7970,"6648,249",0,608
2015-02-20,10929,"9440,246",0,851
2015-02-19,6018,"5062,451",0,485
2015-02-18,6293,"5146,887",0,488
2015-02-17,5987,"4950,464",0,500
2015-02-16,8267,"6831,707",0,763
2015-02-15,3131,"2502,501",0,298
2015-02-14,1297,"1054,676",0,124
2015-02-13,9850,"8118,931",0,773
2015-02-12,8596,"7129,737",0,752
2015-02-11,807,"639,746",0,83
2015-02-10,6951,"5891,738",0,543
2015-02-09,6594,"5430,135",0,535
2015-02-08,210,"162,823",0,34
2015-02-07,7374,"6242,351",0,542
2015-02-06,8269,"6765,349",0,646
2015-02-05,7166,"5954,408",0,533
2015-02-04,5552,"4542,015",0,436
2015-02-03,7146,"5862,576",0,514
2015-02-02,6533,"5318,281",0,510
2015-02-01,18,"13,956",0,2
2015-01-31,2534,"1964,732",0,642
2015-01-30,6528,"5309,562",0,529
2015-01-29,5165,"4248,414",0,509
2015-01-28,5022,"4121,191",0,371
2015-01-27,0,0,0,0
2015-01-26,12611,"10873,07",0,953
2015-01-25,1742,"1538,024",0,131
2015-01-24,7427,"6651,781",0,644
2015-01-23,5157,"4232,175",0,424
2015-01-22,4828,"3968,534",0,373
2015-01-21,6973,"5866,878",0,568
2015-01-20,5651,"4629,694",0,467
2015-01-19,7242,"6701,602",0,612
2015-01-18,1346,"1101,83",0,103
2015-01-17,9794,"8343,342",0,795
2015-01-16,8564,"7937,946",0,678
2015-01-15,7527,"6417,624",0,634
2015-01-14,5339,"4331,241",0,428
2015-01-13,5850,"4813,97",0,499
2015-01-12,7328,"6201,749",0,614
2015-01-11,3231,"2735,655",0,361
2015-01-10,11697,"9984,012",0,983
2015-01-09,7709,"6418,213",0,686
2015-01-08,8198,"6888,058",0,658
2015-01-07,3752,"3057,989",0,358
2015-01-06,6961,"6065,645",0,566
2015-01-05,10518,"9049,439",0,867
2015-01-04,2771,"2407,054",0,225
2015-01-03,5343,"5278,253",0,500
2015-01-02,3825,"3152,413",0,354
2015-01-01,922,"714,871",0,129
2014-12-31,4376,"3498,317",0,510
2014-12-30,3302,"2818,972",0,326
2014-12-29,5460,"4391,768",0,712
2014-12-28,0,0,0,0
2014-12-27,10174,"8371,545",0,887
2014-12-26,4006,"3274,489",0,383
2014-12-25,1489,"1156,076",0,209
2014-12-24,3835,"2993,866",0,417
2014-12-23,7804,"6515,542",0,736
2014-12-22,9023,"8539,512",0,832
2014-12-21,2526,"1998,652",0,250
2014-12-20,4197,"3412,855",0,384
2014-12-19,6875,"5594,374",0,533
2014-12-18,7761,"6414,514",0,649
2014-12-17,7310,"6116,454",0,585
2014-12-16,10036,"8362,482",0,775
2014-12-15,11412,"9463,408",0,857
2014-12-14,4301,"3529,08",0,367
2014-12-13,11741,"9305,583",0,1076
2014-12-12,5572,"4647,154",0,451
2014-12-11,9577,"7954,942",0,754
2014-12-10,8565,"7065,429",0,645
2014-12-09,7164,"6156,484",0,685
2014-12-08,7204,"5978,068",0,665
2014-12-07,5001,"4308,671",0,448
2014-12-06,23048,"18685,09",0,1830
2014-12-05,3962,"3261,557",0,366
2014-12-04,8660,"7088,617",0,751
2014-12-03,8154,"7176,077",0,836
2014-12-02,10430,"9243,322",0,991
2014-12-01,16149,"14544,45",0,1400
2014-11-30,15969,"14475,5",0,1412
2014-11-29,10863,"10663,92",0,960
2014-11-28,14184,"11715,43",0,1077
2014-11-27,9617,"8163,031",0,747
2014-11-26,9161,"7626,543",0,713
2014-11-25,8488,"7124,207",0,642
2014-11-24,9138,"7581,399",0,683
2014-11-23,25,"19,384",0,4
2014-11-22,2100,"1659,693",0,243
2014-11-21,9791,"8096,783",0,760
2014-11-20,8646,"7222,829",0,625
2014-11-19,8457,"6970,182",0,632
2014-11-18,8852,"7525,379",0,703
2014-11-17,10607,"8852,269",0,880
2014-11-16,1199,"929,642",0,94
2014-11-15,1063,"847,612",0,121
2014-11-14,11530,"9732,699",0,879
2014-11-13,7557,"6301,461",0,556
2014-11-12,6517,"5341,041",0,517
2014-11-11,8460,"7165,882",0,640
2014-11-10,9249,"7932,137",0,797
2014-11-09,11499,"9747,191",0,891
2014-11-08,2959,"2317,047",0,350
2014-11-07,8455,"7040,964",0,664
2014-11-06,7989,"6778,129",0,604
2014-11-05,1060,"821,869",0,136
2014-11-04,9073,"7517,754",0,708
2014-11-03,8180,"6890,98",0,646
2014-11-02,3287,"3336,565",0,255
2014-11-01,8567,"7513,396",0,790
2014-10-31,8883,"7224,68",0,717
2014-10-30,9351,"7687,261",0,725
2014-10-29,11218,"9422,285",0,944
2014-10-28,8989,"7478,374",0,693
2014-10-27,9133,"7605,471",0,717
2014-10-26,6853,"5865,508",0,604
2014-10-25,17652,"14210,34",0,1519
2014-10-24,9288,"7725,259",0,714
2014-10-23,10076,"8346,566",0,756
2014-10-22,8932,"7554,536",0,692
2014-10-21,8698,"7363,618",0,669
2014-10-20,11696,"9674,851",0,973
2014-10-19,7535,"6433,343",0,531
2014-10-18,6148,"4969,411",0,490
2014-10-17,9545,"7991,866",0,731
2014-10-16,9354,"7816,174",0,728
2014-10-15,17429,"15521,37",0,1542
2014-10-14,9518,"7985,311",0,801
2014-10-13,8198,"6811,915",0,591
2014-10-12,0,0,0,0
2014-10-11,8556,"8489,701",0,741
2014-10-10,9178,"7658,621",0,694
2014-10-09,10115,"8482,596",0,807
2014-10-08,1351,"1057,287",0,144
2014-10-07,8905,"7480,468",0,677
2014-10-06,7454,"6227,946",0,594
2014-10-05,4,"3,101",0,2
2014-10-04,0,0,0,0
2014-10-03,7663,"6405,368",0,587
2014-10-02,8628,"7222,778",0,647
2014-10-01,9562,"7916,053",0,718
2014-09-30,10469,"8791,137",0,778
2014-09-29,7964,"6591,24",0,601
2014-09-28,1573,"1305,524",0,187
2014-09-27,8503,"7836,546",0,668
2014-09-26,8549,"7222,285",0,619
2014-09-25,9252,"7697,947",0,675
2014-09-24,4189,"3619,529",0,370
2014-09-23,9552,"7932,784",0,747
2014-09-22,9889,"8236,926",0,822
2014-09-21,1170,"917,053",0,124
2014-09-20,6472,"5665,874",0,525
2014-09-19,9995,"8716,802",0,780
2014-09-18,13970,"13739,07",0,1134
2014-09-17,8382,"6954,742",0,629
2014-09-16,8556,"7119,749",0,595
2014-09-15,8124,"6564,119",0,596
2014-09-14,8,"6,203",0,2
2014-09-13,3678,"3266,727",0,280
2014-09-12,10771,"9200,128",0,889
2014-09-11,10952,"8954,722",0,840
2014-09-10,9958,"8175,614",0,764
2014-09-09,8735,"7663,581",0,737
2014-09-08,10198,"9427,658",0,995
2014-09-07,10164,"8585,966",0,790
2014-09-06,13794,"11466,05",0,1071
2014-09-05,12589,"9847,739",0,1007
2014-09-04,10696,"9323,384",0,916
2014-09-03,13748,"12144,61",0,1208
2014-09-02,7115,"5711,718",0,585
2014-09-01,13471,"10895,09",0,999
2014-08-31,13054,"11177,76",0,1018
2014-08-30,7787,"6375,022",0,622
2014-08-29,11005,"9266,502",0,789
2014-08-28,10211,"8946,476",0,781
2014-08-27,7745,"6489,188",0,662
2014-08-26,8166,"6671,749",0,566
2014-08-25,8995,"7378,825",0,684
2014-08-24,0,0,0,0
2014-08-23,26980,"23626,91",0,2181
2014-08-22,9623,"7975,483",0,721
2014-08-21,7980,"6655,939",0,602
2014-08-20,3779,"3548,711",0,289
2014-08-19,8316,"6906,417",0,590
2014-08-18,8613,"7179,621",0,710
2014-08-17,0,0,0,0
2014-08-16,7876,"6313,856",0,572
2014-08-15,706,"562,319",0,59
2014-08-14,9428,"7973,078",0,746
2014-08-13,1912,"1871,088",0,198
2014-08-12,9343,"7876,128",0,699
2014-08-11,9376,"8568,249",0,700
2014-08-10,0,0,0,0
2014-08-09,13114,"12200,68",0,1064
2014-08-08,9964,"9643,157",0,888
2014-08-07,9760,"9900,571",0,795
2014-08-06,8055,"6801,239",0,574
2014-08-05,10153,"10697,03",0,960
2014-08-04,10064,"8623,159",0,750
2014-08-03,1982,"1536,739",0,196
2014-08-02,6512,"5082,763",0,664
2014-08-01,8846,"8621,48",0,723
2014-07-31,9790,"8634,151",0,861
2014-07-30,10328,"9098,862",0,809
2014-07-29,8686,"7708,115",0,731
2014-07-28,8761,"7620,099",0,654
2014-07-27,7978,"6973,279",0,593
2014-07-26,2514,"2032,665",0,192
2014-07-25,10142,"8687,36",0,762
2014-07-24,9418,"8466,292",0,729
2014-07-23,8059,"6798,478",0,599
2014-07-22,9073,"7855,657",0,741
2014-07-21,9403,"8763,924",0,818
2014-07-20,1624,"1421,548",0,149
2014-07-19,26,"20,159",0,4
2014-07-18,9012,"8622,574",0,961
2014-07-17,9291,"9079,627",0,864
2014-07-16,10681,"10133,98",0,1085
2014-07-15,9799,"8267,109",0,1467
2014-07-14,4736,"3746,465",0,465
2014-07-13,13207,"10672,28",0,1179
2014-07-12,10542,"8593,104",0,1144
2014-07-11,2713,"2186,241",0,224
2014-07-10,6910,"6388,498",0,660
2014-07-09,9686,"8986,672",0,973
2014-07-08,9115,"8749,669",0,1025
2014-07-07,6362,"5285,888",0,496
2014-07-06,8424,"6920,933",0,630
2014-07-05,1924,"1491,769",0,250
2014-07-04,11391,"10343,3",0,895
2014-07-03,7447,"6421,567",0,558
2014-07-02,8418,"7069,829",0,712
2014-07-01,6348,"5375,845",0,591
2014-06-30,2478,"1941,818",0,300
2014-06-29,6376,"5425,306",0,589
2014-06-28,649,"503,201",0,75
2014-06-27,8190,"6798,337",0,770
2014-06-26,7275,"6006,693",0,668
2014-06-25,3759,"3123,572",0,434
2014-06-24,10818,"9079,396",0,816
2014-06-23,9504,"8098,691",0,740
2014-06-22,0,0,0,0
2014-06-21,7710,"7967,068",0,634
2014-06-20,8470,"6989,841",0,629
2014-06-19,8820,"7399,736",0,637
2014-06-18,11913,"10406,17",0,898
2014-06-17,7847,"6462,107",0,607
2014-06-16,7981,"6726,191",0,601
2014-06-15,30,"23,26",0,6
2014-06-14,4817,"3844,403",0,410
2014-06-13,5686,"4610,239",0,707
2014-06-12,6550,"5320,536",0,692
2014-06-11,2494,"1997,266",0,273
2014-06-10,7724,"6153,222",0,1115
2014-06-09,11,"8,529",0,10
2014-06-08,1430,"1132,088",0,321
2014-06-07,0,0,0,0
2014-06-06,6632,"5249,076",0,1437
2014-06-05,6882,"5435,066",0,695
2014-06-04,4731,"3808,47",0,934
2014-06-03,4828,"3807,81",0,593
2014-06-02,0,0,0,0
2014-06-01,0,0,0,0
2014-05-31,0,0,0,0
2014-05-30,4305,"3440,949",0,442
2014-05-29,8135,"6681,517",0,714
2014-05-28,8093,"6669,408",0,619
2014-05-27,5939,"4865,19",0,692
2014-05-26,6842,"5535,583",0,729
2014-05-25,192,"148,867",0,52
2014-05-24,4534,"3874,345",0,561
2014-05-23,6626,"5236,349",0,931
2014-05-22,7324,"5917,418",0,696
2014-05-21,12604,"10084,38",0,1598
2014-05-20,0,0,0,0
2014-05-19,0,0,0,0
2014-05-18,0,0,0,0
2014-05-17,0,0,0,0
2014-05-16,0,0,0,0
2014-05-15,0,0,0,0
2014-05-14,0,0,0,0
2014-05-13,1874,"1574,917",0,130
2014-05-12,7022,"5759,191",0,569
2014-05-11,20,"15,507",0,3
2014-05-10,4560,"4305,582",0,388
2014-05-09,24,"18,608",0,3
2014-05-08,1699,"1323,286",0,217
2014-05-07,3400,"2818,341",0,243
2014-05-06,6208,"5045,146",0,501
2014-05-05,6462,"5235,069",0,518
2014-05-04,0,0,0,0
2014-05-03,9315,"7273,061",0,469
2014-05-02,1495,1200,0,91
2014-05-01,0,0,0,0
2014-04-30,4012,3176,0,186
2014-04-29,2866,2356,0,133
2014-04-28,4127,3345,0,176
2014-04-27,2520,2043,0,201
2014-04-26,879,722,0,64
2014-04-25,8760,7251,0,456
2014-04-24,4954,4051,0,240
2014-04-23,1761,1388,0,82
2014-04-22,5352,4289,0,259
2014-04-21,1636,1178,0,150
2014-04-20,0,0,0,0
2014-04-19,449,473,0,72
